,junct,Unnamed: 0,y,x,1517_masked,1517_all,seward2_hsp_elev,seward_hsp__dinf_area,slope_15m,aspect_15m,1519_all,1519_masked,aspect_40m,seward_hsp__tan_curv_LW,slope_40m,Outlet Elev,1519_all_zscore,1519_masked_zscore,1517_all_zscore,1517_masked_zscore,Area,area_km2,max_disp_zone
0,114,6955029.3176722815,7229654.798946206,444867.3840375911,0.005224609162324,0.005224609162324,201.1782318930781,1124.6647735940553,0.138576377494466,87.40943404609494,0.013910661058166,0.013910661058166,92.89796051081164,0.000453726490858,0.137614583807198,95.32789,-0.304140948928057,-0.264715796266044,-0.893905800428812,-0.907944342422755,130600.0,0.1306,fluvial
1,14,5298050.281728861,7229928.244643308,446985.28091660456,-0.001453369438458,-0.001453369438458,180.28771426681172,1131.0166647198505,0.14284911620898,296.71721756480616,0.002222603232403,0.002222603232403,297.95668471174486,0.000211346078575,0.140273595121044,80.51333,-0.760843453652131,-0.806881393964955,-1.04327197642058,-1.046188328157445,502612.0,0.502612,hillslopes
2,144,8401913.283319501,7229416.1014064755,443950.2510208729,-0.003940611618583,-0.003940611618583,174.36130773155188,1408.250430326586,0.114674286998878,254.14602129244813,0.00223863810899,0.002139228569133,255.6998882326971,7.6981002965e-05,0.111605659538755,82.99372,-0.526637517934727,-0.575716928068721,-0.97280149938983,-0.975965955563246,120500.0,0.1205,fluvial
3,18,6704285.768000579,7229696.290167395,446544.3240591286,0.00210668445688,0.00210668445688,170.95054522316974,873.6502697134607,0.144911727471215,292.60902186626134,0.006401322667221,0.006401322667221,292.29628153937,4.1436144887e-05,0.143803408065607,77.06789,-0.373946496195752,-0.423848963959888,-0.737840328783013,-0.740347347570085,331696.0,0.331696,indeterminate
4,249,19588183.903758943,7227571.364372316,445365.4786435747,0.005729682130068,0.005729682130068,159.78538619353083,3409.966324516105,0.107000956055891,156.38740695800348,0.013537237733779,0.012504234673101,156.70293455721134,1.2709902432e-05,0.103870064892701,48.516735,-0.022953800415968,-0.076741799587952,-0.459306641381589,-0.458743182755949,4821044.0,4.821044,watertracks
5,140,10142454.303988324,7229129.223449659,446063.3100412246,0.003387607744348,0.003387607744348,167.31334983293362,1861.3716499023908,0.14734640431436,211.7120434554438,0.006343476715039,0.006343476715039,211.91420638463518,4.5976485165e-05,0.144449666383973,75.36643,-0.415770221328022,-0.436627813076123,-0.526419822923881,-0.521385359267974,1099104.0,1.099104,indeterminate
6,133,9864094.523566851,7229175.053451718,445124.1841738723,0.003186523646636,0.003186523646636,193.0199732484142,1397.5670541561576,0.13342582264217,94.93207738173498,0.012412149184677,0.012412149184677,93.68395000765271,0.000137852939421,0.130853765881079,78.31694,-0.213374998690267,-0.235585905755322,-0.962443428482885,-0.975211829612893,740956.0,0.740956,watertracks
7,257,16417787.235119877,7228094.091736978,443686.89262965706,-0.001076560447155,-0.001076560447155,186.57093550285148,1775.0458625819738,0.090118774810165,293.05581420111366,0.007379650293688,0.007392716158091,292.49945710538464,0.000137939399502,0.087998175830508,95.05064,0.029459531144415,0.015575349539441,-0.713327637270965,-0.715080798709686,415888.0,0.415888,fluvial
8,154,11206620.467817994,7228953.55961505,444120.3154073146,-0.004316981799511,-0.004316981799511,195.33309412524676,1875.1151075068851,0.10306672052469,279.83599671745344,0.004837116115514,0.004835355158359,281.53900887834425,0.00010106212325,0.101405319557937,83.02121,-0.241095977618456,-0.2638867737851,-1.155113213714193,-1.158017719535372,1027220.0,1.02722,watertracks
9,250,13022339.523359092,7228654.344118101,446972.0949754621,0.001716823517543,0.001716823517543,198.53093373121987,948.9330343513813,0.095746246230342,126.33542740199718,0.010943283870567,0.010943283870567,126.57584749846949,7.5385278287e-05,0.095442924476754,119.45995000000002,-0.543966434538445,-0.558040622606729,-1.173740126599699,-1.181821604102373,318848.0,0.318848,watertracks
10,217,14429502.589195382,7228422.017590137,443874.4220420267,-0.000413427966874,-0.000413427966874,190.0710919730679,1242.167795770709,0.091207009344566,289.515397693504,0.009320934165909,0.009356366433727,289.1956494217246,1.763895546e-05,0.090069390099175,91.2961,0.297906950760829,0.294198392795044,-0.577011806851363,-0.578162937094388,478388.0,0.478388,fluvial
11,306,16884145.511177566,7228017.569557807,448418.97793106403,0.000696707636233,0.000696707636233,207.70726446589262,1845.4779464400606,0.116603207665972,246.14933944505702,0.003415304958991,0.003415304958991,245.87784816122968,7.065451897e-05,0.114984798066553,104.20298,-0.404759224449754,-0.42971155265496,-0.244106473600609,-0.246793856352287,821288.0,0.821288,hillslopes
12,411,24240620.054287508,7226804.317517349,448260.56951676105,0.002335845982028,0.002335845982028,173.0981134060176,2176.2225229994174,0.100639657767562,274.33799356323584,0.007307235977299,0.007307235977299,273.5978636052647,7.5632536699e-05,0.098963371075754,84.812416,-0.048224989751439,-0.07199247845541,-0.248495068458942,-0.250645615812841,1355884.0,1.355884,hillslopes
13,400,21670173.94475994,7227227.385522602,437914.0501748474,0.001617247023484,0.001617247023484,261.54457873392823,1622.2306474035756,0.099267371847143,173.69970621937335,0.008683117136731,0.008683117136731,172.89567029661112,-0.000281255165792,0.095396352255343,205.23544,-0.296151856322861,-0.34099782027187,-1.000042095915173,-1.007694497041296,325988.0,0.325988,indeterminate
14,366,24932631.728882007,7226689.7069787495,442401.91711114446,0.005918386652034,0.005918386652034,178.39243538001998,2559.3529780619738,0.090437783182144,199.94137702957536,0.014314286111929,0.013884334995218,201.70478306270837,-1.2973151472e-05,0.08821932921571,109.38047000000002,0.305034642643904,0.30720005463028,-0.269672732857647,-0.266191388313942,2559472.0,2.559472,indeterminate
15,331,20036280.423341464,7227497.303880612,443426.93491568364,0.001384053365878,0.001384053365878,185.3001035646547,1689.2398049581518,0.11563114796222,256.201451209874,0.008244305212132,0.008244305212132,259.31628327375995,-4.6158295004e-05,0.111691707661955,101.589745,0.111479988447685,0.085955767829695,-0.386641724716046,-0.390421099839622,1036336.0,1.036336,watertracks
16,850,31708801.352100056,7225572.201420061,442751.2533447729,0.004704952929375,0.004704952929375,170.50348143645886,2184.420233026584,0.084036399895219,197.78260303529808,0.015784112982819,0.015784112982819,197.7848294354884,5.9956794731e-05,0.082529503432478,82.24643,0.622096244627962,0.635534103398757,-0.216169135265321,-0.216100826859872,1012.0,0.001012,indeterminate
17,850,31708801.352100056,7225572.201420061,442751.2533447729,0.004704952929375,0.004704952929375,170.50348143645886,2184.420233026584,0.084036399895219,197.78260303529808,0.015784112982819,0.015784112982819,197.7848294354884,5.9956794731e-05,0.082529503432478,82.24643,0.622096244627962,0.635534103398757,-0.216169135265321,-0.216100826859872,1289120.0,1.28912,indeterminate
18,399,22848392.40864608,7227033.767398334,446343.9849474063,0.006468249668423,0.006468249668423,125.03590977497386,1035.1450881821947,0.107372893704418,190.49601373170546,0.010685140049942,0.010685140049942,190.54414089501188,0.000106324019859,0.104944632045473,54.423640000000006,0.136464168736064,0.140025211327014,0.106898080230748,0.106417340528105,210496.0,0.210496,watertracks
19,903,35461891.360693045,7224953.595038081,447091.67624584486,0.003144741860735,0.003144741860735,109.06890505650439,2027.521052115447,0.086810519728061,255.38352994197967,0.008343931583943,0.008343931583943,255.15053249752793,2.3500085708e-05,0.085014455169753,30.725332,0.219906270422468,0.20933775933165,0.066442522629469,0.063908869871815,1100300.0,1.1003,fluvial
20,835,30342562.337191056,7225797.882757284,447110.8000090748,0.002146458104404,0.002146458104404,126.57242524316726,823.4087502649733,0.086375249882274,273.0073985118347,0.006148297419425,0.006148297419425,271.6773159585458,-4.5588532319e-05,0.085215001030241,41.909615,0.004877976795127,-0.011749943595197,0.039813321652437,0.036632903729108,122348.0,0.122348,watertracks
21,879,33396156.763347097,7225293.480245662,437410.39388872526,0.015927189957469,0.015927189957469,231.91580298330913,1493.5579024652284,0.104345568356454,111.75597805429706,0.016940435690226,0.01825197092572,111.98094489598112,-1.9126162282e-05,0.101886069999338,174.79536,-0.081676421525673,0.056409822039852,0.086453435237059,0.10351067973054,100.0,0.0001,indeterminate
22,879,33396156.763347097,7225293.480245662,437410.39388872526,0.015927189957469,0.015927189957469,231.91580298330913,1493.5579024652284,0.104345568356454,111.75597805429706,0.016940435690226,0.01825197092572,111.98094489598112,-1.9126162282e-05,0.101886069999338,174.79536,-0.081676421525673,0.056409822039852,0.086453435237059,0.10351067973054,250780.0,0.25078,indeterminate
23,414,26281774.9135745,7226467.046102399,440479.8389969502,0.007960828872042,0.007960828872042,231.60168032214978,1854.481805445997,0.111458216581612,169.3515680410641,0.014298164990659,0.014478699517311,165.72697340891884,-2.6836587489e-05,0.108813268346123,145.68982,0.368162636740428,0.403592102329372,-0.012993331689322,-0.008672164947539,850536.0,0.850536,watertracks
24,808,27990866.934130616,7226185.931050781,449581.6491381907,0.003126679072695,0.003126679072695,105.10017258419218,1609.4013994905258,0.116196532948518,133.6232996024952,0.012548688581294,0.012548688581294,136.72061143477387,3.8025542095e-05,0.11346333590801,8.741375,-0.232099206444943,-0.252127139997105,-0.849761289367382,-0.853300050685921,581968.0,0.581968,watertracks
25,369,24721237.726117,7226724.317075974,439330.5606384493,0.006580017306542,0.006580017306542,235.3308055508018,2536.4782844818797,0.09185026853507,187.9605688159866,0.016246993738824,0.01638951184004,189.1392096670463,-6.7367495282e-05,0.088710236723034,150.04529,0.264655180402054,0.271131745983249,-0.38120886988726,-0.382511721007989,3145124.0,3.145124,watertracks
26,863,32058741.60209825,7225514.8472174,447097.3376488653,0.002633539861436,0.002633539861436,121.97877491326686,1497.247379233593,0.092854550482419,261.9310895969768,0.006806165073679,0.006806165073679,261.7850187872529,3.682046764e-05,0.091572659944525,38.701164,0.107960756426606,0.09143666933137,0.13356323418561,0.129919050965262,537972.0,0.537972,watertracks
27,822,30418418.539900675,7225785.5594488,449378.44345288916,0.009909599332998,0.009909599332998,101.4055712445391,9212.156648505477,0.11899143243428,124.45072477044783,0.01468568914187,0.01468568914187,123.72925218135185,5.133402672e-06,0.113965900857706,5.1596375,-0.210280319915843,-0.204503962122906,-0.408222621392159,-0.403606324038181,1134868.0,1.134868,indeterminate
28,779,31221218.108048208,7225652.490384853,441249.0412766275,0.010663922900698,0.010663922900698,214.63460239695866,2174.6256896011055,0.11223631874487,126.46454692291968,0.017812003202139,0.017453922477127,126.8164022050581,-3.1320261254e-05,0.109638499334102,103.52149,0.222919089700092,0.247074684018901,-0.154589173278649,-0.148534305308836,1483560.0,1.48356,watertracks
29,1090,39386358.81833294,7224306.346661926,446845.5338951813,0.001317288745025,0.001317288745025,87.23148336297275,1588.779310870517,0.060921502824951,252.43164839437082,0.005329432604298,0.005329432604298,253.04371549265383,5.2547702377e-05,0.059849545125138,21.613771,-0.174905294797829,-0.19498915320197,-0.194608739347496,-0.197099158367625,387396.0,0.387396,indeterminate
30,919,35252002.02479025,7224987.291735101,435952.84919148765,0.019705278957787,0.019705278957787,368.1231236402178,1369.2690593199818,0.176247281586969,103.67091924005712,0.013336063703811,0.01362197367,109.89736097409407,-0.000271870995408,0.16992573843123,296.79828,-0.299623869505609,-0.257585867836428,0.3750671342852,0.416379404294389,179256.0,0.179256,watertracks
31,967,34265225.368318476,7225150.128569796,437121.8306007415,0.020559012850077,0.020559012850077,254.61861965459994,1770.2851258357707,0.096399661077706,127.41661865081026,0.013441140969086,0.012741687308458,127.98722361973509,4.3652629555e-05,0.095680604988559,171.69356,-0.332205879682226,-0.348549751619192,0.587166641350597,0.605603265103789,110828.0,0.110828,indeterminate
32,970,36156346.85764391,7224838.74484837,443214.41952926945,0.001410694699048,0.001410694699048,142.8537901115852,1209.5224123576982,0.102756952894779,210.01017882249783,0.010394352131055,0.010394352131055,209.6136206736332,0.000152823448421,0.100461420484361,69.086365,0.288612634084485,0.294877508014655,-0.425354604211987,-0.426426684263725,221248.0,0.221248,fluvial
33,974,37943554.399841666,7224543.611000402,438541.32961026207,0.005438469409554,0.005438469409554,214.44032151852963,952.92028506927,0.129410625000039,301.7178785850308,0.012183535619747,0.012183535619747,300.63171930203697,-0.000263778968074,0.126312530536122,174.1255,0.63945740660204,0.636670449116452,0.356119226431139,0.355504945889739,186944.0,0.186944,fluvial
34,1212,46364589.98317072,7223154.524219789,435157.10777870787,0.013111365948775,0.013111365948775,224.2210416520349,2055.513996545156,0.086812029289521,224.56854704008654,0.018536918552968,0.019154414863698,224.34097924566805,-7.3025896462e-05,0.085286042313216,164.06552,1.43137160241926,1.587735504885386,1.516894379152081,1.516108961749888,850656.0,0.850656,watertracks
35,1066,38687507.57063086,7224420.907552297,438422.9560290989,0.004103337597532,0.004103337597532,211.48000147284878,1168.8492190794555,0.095513407290746,294.74718722464473,0.010422484363195,0.010422484363195,294.28385142673403,-2.7131332311e-05,0.095091768636327,173.40192,0.427051667191377,0.423877156027386,0.185619983649407,0.185104680221637,127508.0,0.127508,watertracks
36,1073,39877983.023514986,7224224.590066585,438631.7125519029,0.003058219613442,0.003058219613442,240.18072599307533,1463.058649246258,0.086069426975836,278.5005094774047,0.009743401331631,0.009743401331631,280.53332332311464,0.000100492178273,0.085100740237783,172.12929,0.363740365527436,0.356973154784293,0.022262044801336,0.021130285680395,110908.0,0.110908,indeterminate
37,957,37860449.15393758,7224557.164402895,436692.9498239792,0.019719319242325,0.019719319242325,258.57819399039613,1541.4173810926254,0.150041223473565,120.75402347854742,0.012216185807472,0.00889072535365,119.94856717818729,-7.9888171247e-05,0.147560075828475,166.79292,-0.411597517774819,-0.595321421882737,0.516848792100529,0.532495790692296,333200.0,0.3332,watertracks
38,992,38640963.74700331,7224428.428503757,436541.88712455693,0.019945209711206,0.019945209711206,282.566730246844,2236.209704534318,0.202270491779066,108.21944177068758,0.017647987924323,0.010295580669709,108.67435278362544,-0.000154078968541,0.198368040035519,165.95396,-0.010753678741381,-0.558288713844539,0.462969149077289,0.482822422250857,163180.0,0.16318,indeterminate
39,1009,38906168.02590961,7224384.676774406,436373.2230872576,0.022382511433389,0.022382511433389,307.3052221022379,1149.9146729733377,0.237554561530067,108.26858281866193,0.023569803383382,0.013106597026555,108.98178724051002,-0.000277477891463,0.228950992662008,165.89194,0.428108186453477,-0.382012607241627,0.641450185041187,0.668402642083369,137092.0,0.137092,fluvial
40,502,31782203.798714776,7225559.738511446,438418.4537837797,0.005664966617248,0.005664966617248,246.6029682360726,2506.59121480023,0.090122911538409,206.60211749083777,0.012920388021414,0.012942111644064,206.76057615968293,-1.041498343e-05,0.088084050580135,174.79596,0.265540810784971,0.292810085971563,-0.15252349484865,-0.152233789979162,4817840.0,4.81784,indeterminate
41,1080,40828418.643700615,7224068.521328302,446857.3637707636,0.001748326480406,0.001748326480406,88.48277464482524,1648.0007612974043,0.065474762386072,276.57247684039186,0.006474170219136,0.006474170219136,276.02146322531,5.4164101827e-05,0.063919291009914,19.313572,-0.02200964625681,-0.037465801000548,-0.13441786240375,-0.136256619004718,135156.0,0.135156,indeterminate
42,1236,52668257.04481588,7222115.306638253,439899.61978414183,0.013873200862344,0.013873200862344,206.95910406260643,3637.824257488329,0.109257135571944,165.91800636696712,0.017772375453213,0.01504942555478,165.9747941573539,6.433879674e-06,0.106605464275233,88.2114,0.374049194169113,0.290245606630893,0.493378668756405,0.504822997307279,4041688.0,4.041688,watertracks
43,767,33012724.538214263,7225357.302460454,444517.94240851444,0.006687842692404,0.006687842692404,118.06716445222511,4115.6928662656965,0.08862071456826,151.29788822291607,0.017018122550107,0.015705043892237,150.95376083770836,-1.3453193713e-05,0.086424738920475,28.132536,0.209061064467483,0.139747641384727,-0.45675671985548,-0.455787221405357,5532280.0,5.53228,watertracks
44,1083,40574580.44056601,7224110.456302508,447726.38970656344,0.009933000313439,0.009933000313439,87.34484945715025,1139.8644165167377,0.09566024381503,123.68257409302508,0.015729333293074,0.015729333293074,123.90793374315186,9.8710605338e-05,0.094933136538459,11.542919,-0.137506600525602,-0.133296767125458,-0.371835331380142,-0.368691339852802,255544.0,0.255544,watertracks
45,1106,41030928.59316029,7224034.283558495,436675.8282418733,0.029294356178247,0.029294356178247,227.4010623881229,1434.325980797774,0.127010469662097,117.13917531175383,0.036712325490484,0.031444564063015,117.20574620569207,7.252966823e-06,0.126396031489833,163.52713,1.467823409680987,1.124121123165821,1.313596825113259,1.344255081682808,103864.0,0.103864,watertracks
46,1075,41159540.28130622,7224014.100006753,449133.2725454338,0.002086032997996,0.002086032997996,17.82559373263725,57306.434442232225,0.046797298146181,190.90713625630545,0.003742963247505,0.003742963247505,198.24026002086148,7.24422894e-06,0.041292899442843,9.668623,-0.757985795893339,-0.814682889169208,-0.746605577761028,-0.755676191653811,457992.0,0.457992,indeterminate
47,1049,40747324.52454056,7224081.035838326,436432.58852803486,0.028447409586215,0.028447409586215,275.27260992101156,1250.3445770404687,0.205099438590884,115.96636685119597,0.031442039391855,0.02823214822239,116.26044613545879,-0.000158910897202,0.202744342487572,163.30278,1.042246323572275,0.838916711275837,1.217183001413159,1.248522695893572,125588.0,0.125588,watertracks
48,983,39721835.588455245,7224250.6030221945,441795.9551150503,0.013424540594154,0.013424540594154,153.5414600483039,3013.0024917213223,0.094728113792906,42.23955762866954,0.022869543207445,0.022869543207445,42.44386734229781,-0.000128928281344,0.093532855339925,89.47554,0.714982069771243,0.704193661748683,-0.08363650369703,-0.061880699660921,222452.0,0.222452,indeterminate
49,1200,53516457.63062668,7221975.598423328,442059.2690048529,0.013152594255169,0.013152594255169,158.32920176882683,4870.642553743234,0.107132169288804,106.77937331042648,0.016869251924013,0.016293706023421,104.47415153757696,-4.85332583e-06,0.103250317054827,28.787893,0.138146565818063,0.106795652919351,0.03021411124969,0.048898524604284,4605288.0,4.605288,watertracks
50,1109,42451751.59962622,7223800.5353335645,443657.1174431394,0.001213447939597,0.001213447939597,94.16462714436196,1233.7916400938118,0.053327791245983,220.29631329264467,0.009262526779959,0.009262526779959,218.92775549309948,7.030900419e-05,0.051290013377718,55.101864000000006,0.193490862220937,0.189975149317424,-0.393879653861191,-0.395485611065651,306064.0,0.306064,fluvial
51,1117,42491075.656239495,7223794.107229255,444351.6097061876,0.005044081950617,0.005044081950617,81.62364376717802,3785.865296870563,0.062224883765815,119.7706636343043,0.013164281482119,0.013164281482119,119.83878351545455,6.0270356879e-05,0.0601321517423,22.347832,-0.330597942260726,-0.330826492189554,-0.820738676396089,-0.826244816324021,440388.0,0.440388,hillslopes
52,1070,40682244.53295013,7224091.748037157,436179.4405427613,0.021464379983847,0.021464379983847,313.61326794826846,802.4060982843856,0.2546909100903,121.47199201764622,0.024195135200978,0.01809638219651,122.08954063181491,-0.000515928397767,0.251195331829458,162.5787,0.476480933608874,0.01102286116927,0.607049266393699,0.626434357196749,139180.0,0.13918,indeterminate
53,1101,42232919.825792804,7223836.216227585,438695.77156079264,0.004213471573807,0.004213471573807,256.0836425004912,2110.895428069637,0.116944665364,282.1326512289363,0.009938135791793,0.009938135791793,281.9590837605602,1.0490850168e-05,0.115299803966515,169.2185,0.438877582579914,0.430076036712494,0.259985292943311,0.258211105286226,794020.0,0.79402,fluvial
54,965,39100532.12910123,7224352.971095608,440606.66269755526,0.017297080687594,0.017297080687594,237.878914115018,3049.2830044404022,0.109872587117224,119.70882236472006,0.01853625663336,0.009666856660025,118.1791158065055,3.3372212402e-05,0.108092940061817,103.497025,0.111735659625165,-0.550498738020123,0.243224266072833,0.269175553279892,3552592.0,3.552592,watertracks
55,1041,41841639.95462734,7223900.450402107,435103.8636559597,0.007281524975638,0.007281524975638,279.5329700188871,1681.7935516388873,0.177739303281897,229.87296992822897,0.011845497717358,0.011845497717358,229.31199198547145,-0.000135337743875,0.174736417470885,185.00075,0.618616305961646,0.645882962594282,0.677050181646038,0.675463681850802,275320.0,0.27532,indeterminate
56,1373,54951846.33557943,7221738.56464545,438328.0545823257,0.012191988663579,0.012191988663579,223.46608130586813,3537.8021238503143,0.077336782455639,185.08068544511576,0.018670430800012,0.018670430800012,184.99099535517325,3.1157032187e-05,0.076077075650339,118.10563999999998,0.661546154482303,0.673884146628812,0.540848151331323,0.545449249459136,2601672.0,2.601672,watertracks
57,1127,44738526.123356774,7223423.7040810725,447373.56593063765,0.00587581970175,0.00587581970175,58.53391170039032,1018.9485252609088,0.144243939740214,173.42658802361086,0.0074271337466,0.0074271337466,174.17986163007694,5.8981118728e-05,0.137441332535037,15.236637999999997,-0.499257771025993,-0.541213347536804,-0.234917069301749,-0.235444502522,108628.0,0.108628,watertracks
58,1107,44574480.0322716,7223450.032407708,438565.00087455736,0.004073698521683,0.004073698521683,256.12854703249445,1869.7745717279302,0.083254412251307,295.6666567738235,0.010790109297251,0.010790109297251,295.93696509967293,-8.155701624e-06,0.082381287638283,167.78664,0.377453050247465,0.367254238056142,0.026741569243959,0.025698246482618,610196.0,0.610196,fluvial
59,1093,44985029.5480262,7223382.287277155,438118.8341537926,0.005909956797085,0.005909956797085,231.21113290303802,1200.2992380503147,0.071143785410287,314.3365231394288,0.013099745595336,0.013099745595336,315.0168659488812,3.9502463602e-05,0.070654197933418,166.85721,0.65706279097155,0.654840605072292,0.310854476635188,0.311116476223805,219880.0,0.21988,fluvial
60,1312,52194497.846733406,7222193.223586099,437280.05014655826,0.006770903482,0.006770903482,227.13807023335312,1168.594339251928,0.082898437089594,291.0438708350417,0.012820046911346,0.012820046911346,292.8519789526405,9.6019462618e-05,0.081479286297426,156.24193,0.671081631999434,0.670892549643412,0.534870428599437,0.5346645029544,458364.0,0.458364,indeterminate
61,1242,44217167.11783263,7223508.67129431,435052.9498095419,0.010444695307082,0.010444695307082,248.7869549079166,1472.3515399916016,0.120576438458008,223.37252182717313,0.014114350705576,0.014179794142711,223.13335525003197,-0.000277613339511,0.119413574981178,168.54446,0.888933116019831,0.942382833103736,1.120261215878794,1.119331461472415,187656.0,0.187656,fluvial
62,1143,47515912.0893976,7222964.849535302,437616.4214527743,0.005596171838553,0.005596171838553,223.2811307921616,1160.677073629789,0.098024850517834,298.60201226863336,0.012187932052405,0.012187932052405,298.71838668483224,4.6854981586e-05,0.096295326502806,161.9734,0.645559341138829,0.646200534466256,0.418626257949372,0.418362499574081,245152.0,0.245152,indeterminate
63,1327,60825908.15499179,7220770.508143576,446830.4951723228,0.014537283130487,0.014726287180891,154.7976911241226,4619.846742171909,0.133761271279371,131.8728116427169,0.016085254443919,0.016151748126768,132.58000989065405,-4.8793078716e-05,0.130717052894301,14.35974,0.111971739353973,0.142122517927477,0.247592239201114,0.259853530310295,4642044.0,4.642044,watertracks
64,1131,45584726.88845521,7223283.714166504,442117.4021592699,0.014533092501912,0.014533092501912,134.15938506380908,2370.3547737523986,0.091228344861743,105.36513233058636,0.021340486982378,0.021339603657512,104.58964284714601,1.0460563493e-05,0.089839533612397,53.285168,0.368001401116745,0.389643580605572,0.047778098399852,0.059961591805125,1882616.0,1.882616,watertracks
65,1302,54997170.128789276,7221731.681775404,445507.0759533085,0.005548765096442,0.005818755393198,112.87154741755315,2271.3128897592,0.104839132233695,254.52660946595034,0.009898024928014,0.009625719937696,262.4232353636516,4.389352377e-06,0.10172776101595,26.656076,0.024703782602372,-0.024867160939836,-0.125532710800074,-0.139356361700441,1170916.0,1.170916,indeterminate
66,1245,47401409.60469892,7222984.281113252,444258.1978558124,0.002410159106074,0.002410159106074,53.87980464383499,1086.4443375454953,0.052341692932094,126.75110411549385,0.008802595898855,0.008802595898855,117.37206414931366,-7.8976529962e-05,0.049832809914106,25.367413,-0.535875714442161,-0.567412749380396,-0.962075921770521,-0.973124040818069,432436.0,0.432436,watertracks
67,1253,48406739.53817284,7222818.804741755,448186.1076675611,0.001316145937626,0.001316145937626,25.488484834296294,538.8216454401728,0.06197857073476,276.841271784958,0.003707098147831,0.003707098147831,276.5556096884938,-6.7168870556e-05,0.057251425626123,13.873613000000002,-0.543171191609752,-0.584591322637748,-0.539883716351267,-0.543815642951731,81000.0,0.081,hillslopes
68,1274,48218538.04054054,7222849.60180582,445259.1083145342,0.001633818686109,0.001633818686109,43.91483134752215,971.3518687492788,0.06347377978819,253.19420508654838,0.006394748423385,0.006394748423385,241.59038930771408,5.965920869e-05,0.057438050944018,22.397629,-0.357743256258443,-0.397037041220401,-0.707562116723781,-0.712001056799839,179608.0,0.179608,indeterminate
69,1166,47409189.95648708,7222983.150272497,446105.1955890669,0.001865991899819,0.001865991899819,55.14675087315676,774.8094786699371,0.081353447369811,284.8807688658207,0.00683439250429,0.00683439250429,286.9152900994016,-6.4485350389e-05,0.07855614107158,19.239122,-0.231026616238061,-0.265673701438938,-0.563549923016053,-0.565293199949532,331212.0,0.331212,indeterminate
70,1287,50150630.85842837,7222530.288109712,437127.55138739117,0.007644082664555,0.007644082664555,203.9766204611238,879.0395432102301,0.085113287409911,289.6291266790628,0.013056440336902,0.013056440336902,289.5493744159237,-3.6683977218e-05,0.083492321043293,156.54922,0.776279993823581,0.777166229465849,0.768973277354647,0.768598549500248,96244.0,0.096244,indeterminate
71,1283,49778073.44389217,7222592.530106002,446821.41133305355,0.010167111229794,0.010167111229794,80.88267227418055,42232.54695612001,0.078446520437422,62.67459153018181,0.014503674349295,0.014503674349295,62.20118342693444,8.7339190182e-05,0.077731873613111,16.396732,-0.17658650719389,-0.155444112846998,-0.454154241165412,-0.445753332278553,89328.0,0.089328,watertracks
72,1621,62909060.57413884,7220427.320801828,451302.440098963,0.031339139303767,0.031339139303767,93.68119302546015,3062.088793226936,0.096965212284499,121.62951763081205,0.021786150629182,0.021786150629182,120.54214548231454,-1.7284558734e-05,0.094598381770243,24.1659,0.527956089759551,0.547605419563182,1.481553817202823,1.567605812519576,3695384.0,3.695384,watertracks
73,1525,58440163.820728004,7221163.16141383,437048.0350103639,0.007865395511712,0.007865395511712,200.2155767440663,910.9492465544253,0.102157861235545,207.40872137826287,0.009918560284051,0.009918560284051,207.63072190495805,1.3771961684e-05,0.101433013823096,128.53645,0.283284050320543,0.296390764389383,0.616276720888178,0.616061336421741,77680.0,0.07768,hillslopes
74,1218,50509024.411163636,7222472.153486455,448916.0806201421,0.002321533144763,0.002321533144763,65.38641374196685,4437.314999889793,0.071639134897493,283.38870348699623,0.005278240368897,0.005278240368897,288.01678647133565,-1.4024088916e-05,0.068110249361706,12.757614,-0.350926739349976,-0.381449301989233,-0.362824738199871,-0.364124162781521,901140.0,0.90114,indeterminate
75,1294,50988781.65358825,7222393.122348372,450019.9539361292,0.000778198911836,0.000778198911836,87.41714065184402,1614.1055816267988,0.073714308842809,153.3323429477258,0.002231027586465,0.002231027586465,156.33707188724006,-7.060174634e-06,0.073155568052128,31.54502,-0.788517558637489,-0.852542968596443,-0.919729009065977,-0.922777109713865,412792.0,0.412792,indeterminate
76,1344,53526222.08033818,7221974.218561056,444854.5786481147,0.003475155533082,0.003475155533082,61.3711535698777,8873.31139173346,0.073033913525358,296.46153583871325,0.007344364311528,0.007344364311528,304.0365323504706,-0.00010840183142,0.07065505534773,26.651756,-0.136791727987596,-0.166728535288862,-0.254197701697484,-0.255032012796335,288132.0,0.288132,hillslopes
77,1214,52021117.1004316,7222222.538484397,446020.32920529234,0.003898334971301,0.003898334971301,92.87385782973797,4062.5289424622783,0.079033651950219,234.8345277345992,0.009336613464615,0.009336613464615,237.0377925636025,1.5141583144e-05,0.077442003260009,19.614613,-0.052904520938229,-0.087543584086375,-0.410993921062026,-0.411379655353093,1007412.0,1.007412,indeterminate
78,1486,56907045.04442673,7221415.956095433,436451.5862283747,0.00822958857865,0.00822958857865,184.86809262476828,1323.8217782341767,0.08699144855097,209.44341915377416,0.009041323053703,0.009041323053703,211.18936195180314,5.8053918455e-05,0.085914905606885,131.00453,0.065639080595384,0.051676937019767,0.551783839121813,0.550869056192002,446668.0,0.446668,indeterminate
79,1562,57679260.31421086,7221288.63222788,436825.58397124725,0.007375116272968,0.007375116272968,195.75128621258855,998.3960772145257,0.111291655760224,223.12701201530143,0.007079699970167,0.007079699970167,226.91853642885536,-0.000165113425097,0.107008071736633,130.176,-0.030246042371666,-0.039445399934012,0.608780472618545,0.607670759899468,309932.0,0.309932,watertracks
80,1493,58562139.12441675,7221143.640666662,444270.54148924205,0.003511753206986,0.003511753206986,95.40209717474679,1493.5764744137648,0.13876082509147,307.616391413672,0.007304906718557,0.007304906718557,322.46340856378737,0.000245023712555,0.131754389502987,30.580133,-0.237435039641491,-0.273135353817298,-0.395914747855169,-0.396355340428848,140560.0,0.14056,watertracks
81,1631,61052476.56940207,7220732.826982265,443007.88078796264,0.026634580746001,0.023639918851875,188.63379651356993,741.1782092736845,0.274983399748729,89.85434342834967,0.025127924125876,0.034379342680196,89.68366236256088,0.00074513561712,0.272406097430009,35.129242,0.481739875000679,1.33129891284956,0.65956370525261,0.874564808575412,74720.0,0.07472,watertracks
82,1728,59328224.053451225,7221016.897489538,439425.8905929166,0.019808931344438,0.019808931344438,175.55183565561896,577.0266224209184,0.1071453470085,134.58756688733598,0.026428588586107,0.026428588586107,135.0273053801483,-0.000129820298559,0.103815352252424,90.23272,0.684620596471263,0.722248877506975,0.503857981537988,0.520613257934728,70120.0,0.07012,watertracks
83,1713,59499900.96917744,7220988.593314528,439534.99169354315,0.019425094695082,0.019425094695082,164.2726710262788,706.4048765674911,0.109994441237587,135.66521219617763,0.023894112476032,0.023894112476032,134.99251272859283,-0.000128402772396,0.105625530150646,88.79384,0.49258561839541,0.519974807811764,0.536311913953134,0.552860461797222,85392.0,0.085392,watertracks
84,1446,58248594.35288309,7221194.481127907,433723.27194904373,0.015309479235951,0.015309479235951,251.8598198714068,2636.750745023216,0.117151874965899,108.7140310818957,0.007580533206896,0.006557215831611,105.58793386157093,-4.6731246904e-05,0.114939397887891,152.64197,-0.677484378334475,-0.728631900299267,0.15671026187118,0.174749776263798,2110968.0,2.110968,watertracks
85,1591,58689744.845075466,7221122.331591976,441066.83409198653,0.00740750642017,0.00740750642017,158.80817455553816,1530.85865224293,0.084867659660233,209.94100841688316,0.008756613551261,0.00875999457203,210.69922536359564,6.63264574e-05,0.082344460544338,81.71091,-0.033551049322937,-0.044055186102827,0.404203985746161,0.403199741582642,714464.0,0.714464,fluvial
86,1755,62545017.69674193,7220485.98042212,434581.9005822563,0.026678201339775,0.026678201339775,224.48736429574168,3000.8623754909595,0.068568285857774,77.62446368091952,0.013859903585562,0.00732179134108,77.4751071642782,-1.2376701427e-05,0.067983543979147,139.4835,-0.307565236554786,-0.783083262959791,0.824762770509783,0.895598989127515,136768.0,0.136768,indeterminate
87,1615,60914196.19559412,7220755.524788929,441703.4345782802,0.005285170644192,0.005285170644192,190.3351710267943,1602.1050521944924,0.118276960590475,260.56011991159045,0.005615376706524,0.005676691046969,261.5086814061177,5.0772863594e-05,0.114756529593058,77.23359,-0.192765925992127,-0.201528620848719,0.357295633836118,0.355808975728443,548176.0,0.548176,watertracks
88,1655,62704833.99629338,7220460.4045878835,444056.3578944776,0.002165965714747,0.002165965714747,137.08695393124714,10594.437033988135,0.20486075720183,291.0968423206862,0.002286925449474,0.002396549014237,298.6715288388113,0.000150492321659,0.202720613369284,32.67902,-0.658224202176767,-0.675468274734655,-0.218049966403334,-0.218323055635152,121944.0,0.121944,indeterminate
89,1982,64331177.887703426,7220192.002473924,441831.70474427665,0.001778620790726,0.001778620790726,183.64254349286387,925.1868355045699,0.199809244276718,244.44025180074865,-0.00052773565429,-0.00052773565429,245.1296885455492,-2.3281568036e-05,0.197737381781212,73.77923,-0.898370640238541,-0.930814564721351,0.043180828079238,0.039138849240345,199828.0,0.199828,hillslopes
90,1392,59790744.34116966,7220941.074875575,444965.6264898044,0.005921365293409,0.00638995463903,168.71643622057806,2925.570065803876,0.147948767970221,259.453542005664,0.008013477846957,0.007502853161132,260.0831797505791,-4.2231267031e-05,0.144540617315392,27.573915,-0.21740255988703,-0.305489632966086,-0.093892726530633,-0.143184630528674,2155772.0,2.155772,fluvial
91,1598,63544332.442759335,7220321.993832419,444546.0193050382,0.00352575166449,0.00352575166449,215.92255612180668,822.2534264169366,0.179167042009265,308.2925898747994,0.004245430827458,0.004245430827458,308.6664040040492,2.486761343e-06,0.175786243671538,31.830791,-0.386666366329472,-0.409155602228446,0.054565359742895,0.054462283184819,108664.0,0.108664,indeterminate
92,1634,63969709.330441184,7220251.8355052015,444489.7605087032,0.00176553720959,0.00176553720959,215.55172731114266,5715.352501251478,0.169182319599113,301.50579159642774,0.003325568562191,0.003373084325526,302.57669999947416,-0.000142282704018,0.168395191033994,32.79221,-0.499593939312129,-0.518879734071441,-0.249889448383583,-0.250204060776882,228204.0,0.228204,indeterminate
93,1875,66194655.66430896,7219884.713524019,442294.1624603705,0.00370151339581,0.00370151339581,203.3858426671665,738.2084281831292,0.2156219962333,197.18243607667281,0.001814312928528,0.001814312928528,196.67032969698687,0.000290784637575,0.209451328687396,68.21635,-0.850616163250636,-0.906248597520006,-0.199214541250861,-0.199755847002562,141380.0,0.14138,watertracks
94,2035,67794080.81520793,7219620.467210156,436629.416037993,0.022236239553454,0.022236239553454,185.05941693518773,1146.3053649682934,0.085902283421278,74.96530434320064,0.023061613901142,0.021930954821043,68.39722364807027,0.000118909109101,0.084317280687008,124.910934,0.524323731222863,0.515438440671656,0.637857975236154,0.69139724597106,404368.0,0.404368,watertracks
95,1994,65961287.91709915,7219922.519814691,434035.55501615675,0.015015482037,0.015015482037,232.5884778040924,1963.6271455111143,0.083119360558185,149.7243203526207,0.017829191140592,0.018104766314478,149.60140509162792,5.2352438849e-05,0.080757978363207,163.70862,0.278077994068512,0.358696989283289,0.491407325322621,0.498104989936406,619680.0,0.61968,indeterminate
96,1967,69106702.28331923,7219403.678102497,432870.8436683703,0.009256358446867,0.009256358446867,254.76752486247887,1524.963379576456,0.089910802250528,128.95698021404996,0.016268018433325,0.016325472802276,128.32166532130586,3.6054855274e-05,0.088352763829586,174.49756,0.004479374959798,0.00958980675709,-0.326087573261464,-0.324273805935423,623808.0,0.623808,watertracks
97,2122,68001229.01335822,7219585.931059967,432105.9190001429,0.003667623832175,0.003667623832175,279.19252222934665,1074.9024162791895,0.122802755592063,217.95105642766632,0.007901752859535,0.007901752859535,218.09829473041066,-0.00014607815207,0.118238248907149,225.15474000000003,-0.186813384748767,-0.226357979087417,-0.388464924040654,-0.390455909835671,638464.0,0.638464,fluvial
98,1945,66196688.01271944,7219883.637249555,433306.87885056925,0.01203697404141,0.01203697404141,260.3236119553302,2045.8647532888342,0.0993301246661,142.9627818156417,0.015287653496957,0.016482948436643,142.34833455321214,4.628032836e-06,0.097591062663817,168.23034999999996,-0.009913290480498,0.058228808616142,0.118663232312542,0.120969396569709,935576.0,0.935576,watertracks
99,2196,70347802.02743877,7219199.899358924,443845.5085905411,0.001662584437238,0.001662584437238,199.0493376546166,1427.2675740484808,0.259181402304099,293.8609587955559,0.000488112167017,0.000488112167017,293.8230253669725,0.000433163331634,0.255204798513383,51.54178,-0.869818930647064,-0.90331730619848,-0.264285252843676,-0.264546769503247,95048.0,0.095048,indeterminate
100,2049,69174854.4817115,7219393.374688124,444225.73436257883,0.001206171620185,0.001206171620185,239.23588391933563,2596.5087474644884,0.197504392562195,304.0360309373533,0.003577235675397,0.003577235675397,304.41460054594694,-4.0915293481e-05,0.196378349423939,46.496513,-0.473904840941862,-0.498340073777205,-0.355075521884154,-0.355201261720103,110780.0,0.11078,hillslopes
101,1890,67142884.85163452,7219728.149600313,440101.8343224047,0.026579726520129,0.026579726520129,173.6601667546411,1669.2247597994954,0.138282411170824,52.542924825213376,0.013241043984991,0.010743933397972,51.50281508995711,4.6406463887e-05,0.136447882265534,85.381325,-0.045842074194533,-0.363174878515794,1.240269542114046,1.305666196477705,374912.0,0.374912,watertracks
102,1996,69299828.49361879,7219372.3184468765,438824.72057093354,0.009265365256195,0.009265365256195,229.04850981801354,721.9209316851333,0.129171321161418,332.73506490854646,0.002016890003956,0.002336931760885,333.08274540406256,-2.2646419443e-05,0.129261710598227,107.76578999999998,-0.792135528425338,-0.81080287513458,0.346349799492953,0.349389130077374,164232.0,0.164232,indeterminate
103,2370,71589853.89608397,7218995.020726962,443386.0760965149,0.004512199524954,0.004512199524954,148.68195534029067,7490.187522614066,0.124622856128098,221.1479919237263,0.008279942665504,0.008279942665504,226.0085699012273,-0.000135383809302,0.124070380010133,52.22382000000001,-0.132019099100211,-0.16223227318934,-0.147777694190037,-0.147499685514912,99080.0,0.09908,indeterminate
104,2171,70019094.86735794,7219253.905480817,441363.42863288976,0.021191340144388,0.021191340144388,124.39798488448776,638.1198153926172,0.155113358688387,45.5207773143343,0.010542124809137,0.010542124809137,43.00056615429283,0.000125858887897,0.147611055525176,71.169235,-0.33787478921037,-0.399999555145446,0.617956409809568,0.667334695118883,96440.0,0.09644,indeterminate
105,1902,69437878.23407437,7219349.612470724,439568.82867274137,0.012422387234969,0.012422387234969,239.75428918856542,887.455711334199,0.098819719822296,31.199872590968,0.004017061407623,0.002551685810514,31.071436234263786,-5.4561656135e-05,0.098297981304247,92.26086,-0.824168126218044,-1.082902798971308,-0.037786001666986,-0.021716452499481,80248.0,0.080248,fluvial
106,2116,69534236.01158412,7219334.089274867,444034.58753873373,0.002783238387014,0.002783238387014,214.67845528249313,1335.6048220085497,0.221560561714805,304.00044262359353,0.00377090528678,0.00377090528678,304.09994789470187,0.000157568330528,0.218650871632254,47.098537,-0.460060399692492,-0.487176539219132,-0.137430170906974,-0.13736975896549,180516.0,0.180516,indeterminate
107,1918,67945860.96831155,7219596.092256423,444594.6583186862,0.001115484033738,0.001115484033738,270.2577585634151,1813.664456899197,0.165423947642377,284.31488234505167,0.002091554673676,0.002091554673676,286.94767137904296,0.000180646120797,0.160983049819639,45.383472,-0.659129520954463,-0.691547415396878,-0.371278564730931,-0.372319304520316,994684.0,0.994684,hillslopes
108,2305,71685980.75100616,7218979.206207541,443857.1089118406,0.002208995199664,0.002208995199664,213.81192096919466,900.8080158479079,0.15570648243474,281.42163779672757,0.004822435155391,0.004822435155391,283.752063156777,-7.2575186601e-05,0.154860794077354,52.230827,-0.401876912083245,-0.426038106743911,-0.266197947436243,-0.266223861541838,293196.0,0.293196,indeterminate
109,2424,73644852.84314328,7218656.164816438,444078.3432872015,-0.000373389048737,-0.000373389048737,251.25450882402993,1770.7704154451883,0.15951365764147,266.5656095891726,0.000568011437507,0.000568011437507,266.37869534676554,9.1368243816e-05,0.155110475486572,68.29943,-0.774212491607872,-0.806124626560616,-0.390427283166851,-0.393639517884074,610600.0,0.6106,indeterminate
110,2741,80238793.22891307,7217568.696144012,444226.52431004157,0.001709309345513,0.001709309345513,218.75609207028643,1980.5461616175796,0.140604862334016,225.83781365399685,0.003649057098567,0.003649057098567,225.54303525807433,2.7284931371e-05,0.138641077741238,79.26446,-0.475697803279688,-0.506741550564214,-0.241244157405191,-0.243200273743905,1186116.0,1.186116,indeterminate
111,2378,73415719.09866701,7218692.999224799,432501.724521349,0.008425176241561,0.008425176241561,260.1011295987977,3070.329936918551,0.145946222344812,125.70230776022609,0.012187889398581,0.012187889398581,126.00806492567303,-0.000224319489525,0.142885213026366,177.47777,-0.452923521856646,-0.464665067666752,-0.536847403930347,-0.535037749789846,122432.0,0.122432,watertracks
112,2373,72121234.01490407,7218906.81248182,436444.9248883181,0.013512252282142,0.013512252282142,198.00006524198946,1498.6086761207978,0.060402915596499,104.8298391531046,0.015210690703982,0.015733157486479,103.92474085659836,0.000112664863672,0.058230287237592,140.38991,-0.153906566515569,-0.085397159906106,-0.068227865311139,-0.053200815350868,495972.0,0.495972,watertracks
113,1389,62173502.03962263,7220548.369220454,448139.5437384348,0.01117677130669,0.01117677130669,154.7046917330937,3721.030725456002,0.106889952178876,233.6885687551025,0.012237692038136,0.012237692038136,236.73370296031058,-1.6096017977e-05,0.104398618885194,22.366745,0.178596281393773,0.158219785238732,0.521661587682361,0.527647587123766,1945252.0,1.945252,watertracks
114,1559,63309375.39270377,7220361.163777824,449645.8471331279,0.016781271924751,0.016781271924751,171.9690740649916,3326.6400562729805,0.121672769331472,139.02961720902405,0.013109341300503,0.013109341300503,136.92486336385198,-2.6167583823e-05,0.120284138881372,53.65756,0.110372082583714,0.070564673054289,0.743073417426212,0.77128986019473,5261788.0,5.261788,watertracks
115,2488,74521476.80255446,7218510.7243630495,433569.8838638045,0.004593374024905,0.004593374024905,185.342522145919,864.071276576813,0.039362991357327,292.7205024393706,0.010050377405976,0.010157442422426,322.4672620798705,-7.0328968624e-05,0.037861015139052,173.31898,0.077870794286398,0.072679611066578,-0.235524820374637,-0.235483230090669,91448.0,0.091448,indeterminate
116,2684,81492243.6068642,7217362.280590614,447925.8641659228,0.001754605213131,0.001754605213131,248.59113022244586,3250.489168296367,0.125662844874672,262.3405013823848,0.007069318660277,0.007069318660277,264.283307758155,-9.421331612e-06,0.124227762517772,123.85547,-0.072651201240895,-0.094107660145423,-0.307084538536821,-0.308795151101028,2382796.0,2.382796,indeterminate
117,2630,76700429.52395111,7218152.20441394,443703.90381042345,-0.000619495600278,-0.000619495600278,194.21341808528797,1479.4197324881345,0.171493757882887,265.8277888905407,0.001092064745817,0.001092064745817,265.38690196178834,2.15445956e-05,0.168869642926495,70.39612,-0.681972789718958,-0.708274989166163,-0.371290312266986,-0.374928331657956,145296.0,0.145296,indeterminate
118,2208,73251553.15710072,7218721.310560858,447501.41378221195,0.007853534034297,0.007853534034297,239.40299742707327,3465.8818006304405,0.126175101038195,229.05008648454108,0.009472268940138,0.009364249231155,229.3203667255621,-7.4235819501e-05,0.125131489405545,123.86304500000001,-0.059819529375196,-0.063098947047231,0.249522697655731,0.251983511451848,5166036.0,5.166036,fluvial
119,2977,84594365.12350121,7216850.371888948,444252.0723245726,0.003233751364689,0.003233751364689,168.76183953513038,1511.8262356335752,0.13254515495033,246.25618654985365,0.006047222518411,0.006047222518411,246.35050612157775,5.227865042e-06,0.129868614638622,80.586845,-0.070785797757674,-0.088092781847812,0.117605557524345,0.115095225982895,578124.0,0.578124,hillslopes
120,2417,73541675.19169194,7218673.303123085,445559.28508834593,0.010799000280773,0.010799000280773,275.4900600129943,1778.4485181319985,0.160096774974192,127.51778382145926,0.010736673141824,0.007451057941544,127.38605014291458,3.055821133e-05,0.158054521494703,122.68013,-0.506697252989851,-0.775141565846168,-0.198653640673412,-0.190693345830602,1213760.0,1.21376,watertracks
121,2589,76271404.98698878,7218221.971319161,431718.0895061619,0.006081829309056,0.006081829309056,257.0014962973329,2999.4772749684375,0.070093453556762,121.38787387275538,0.014245661917273,0.014245661917273,121.2529417939018,-4.0162366989e-05,0.068609882966116,190.3961,-0.010122822751023,-0.001951820114236,-0.538783062433086,-0.53818691328238,2275260.0,2.27526,fluvial
122,2515,76176519.05570123,7218238.493884619,442315.37823917746,0.016485060194551,0.016372694718141,149.92600286546997,1956.3373846827872,0.111264422226486,47.040132477125695,0.013698500145462,0.013909018490977,33.68564350024338,8.8441588359e-05,0.109289192553029,60.595997,-0.001879019465524,-0.042537021042469,0.277241749202767,0.319344559057905,237984.0,0.237984,indeterminate
123,2406,74997468.88738325,7218432.926985875,442105.2605176599,0.009923883688982,0.013937547576554,139.08167309485518,782.7633691561421,0.117894860923809,80.34495049484185,0.012438854029772,0.008770718753935,64.4099607309799,0.000124903562024,0.115264455667532,63.07328999999999,-0.081150732445164,-0.400189913086782,0.137467660955905,-0.198114852809494,252680.0,0.25268,indeterminate
124,2358,73930917.15411761,7218608.282870979,435542.6126437201,0.010502790498692,0.010502790498692,203.48463336740173,1920.8058369668906,0.052342320590186,271.2320422850089,0.012174888545565,0.012174888545565,276.94664125647796,4.1398202366e-05,0.050608089737218,157.03944,0.453546733405481,0.437564084046858,0.89420882220005,0.895613391000468,938500.0,0.9385,indeterminate
125,2680,77850199.41938311,7217962.721333056,445382.3727894027,0.012328307589548,0.012328307589548,256.27485862271004,1352.3312942221792,0.149202273588887,117.93990710598595,0.018383240898856,0.01693940246459,117.85359643414593,-5.91543499e-06,0.14875882125318,120.05981,0.040733279439832,-0.062518941385471,-0.202520088488935,-0.195804448843589,470100.0,0.4701,indeterminate
126,2309,72009252.37765281,7218926.577978382,452177.82719609025,0.011376051807016,0.011376051807016,81.26868322966521,1403.9146024068702,0.092247169788589,86.08111109953202,0.007794183934629,0.007794183934629,84.98912797799544,-0.000124856335805,0.088357888354315,24.428844,-0.531028350525624,-0.629426981377344,-0.258579664529692,-0.243560100235339,680928.0,0.680928,indeterminate
127,2400,74403800.8858403,7218531.655831312,452053.96604721266,0.010885221559525,0.010885221559525,110.57104871548042,1655.2573163947827,0.122026719239323,69.16087119991867,0.006996925298742,0.006996925298742,61.50991198766427,-0.000180230872993,0.117224197411756,24.666399,-0.611513697068692,-0.70684266169541,-0.313815908943295,-0.300820214366212,488820.0,0.48882,indeterminate
128,2185,73771861.33542663,7218635.774853596,450826.2484630208,0.019642562507416,0.019642562507416,230.00795752146263,4828.914664142199,0.189358062975706,75.6664312421977,0.013232283671673,0.013232283671673,69.28227954018368,1.8783302765e-05,0.184957416645202,25.646862,-0.221903165799385,-0.23515615839156,0.384487637937953,0.427363980847072,2925540.0,2.92554,indeterminate
129,2604,77793708.13424262,7217972.570431637,451839.82099065854,0.010773049654888,0.010773049654888,164.0981392363403,2398.595454711146,0.181765961284017,66.29435604300673,0.006735996437693,0.006735996437693,66.33280794543114,-5.806947256e-05,0.17845980242088,24.524397000000004,-0.744685261525616,-0.784248475589671,-0.397977034689411,-0.387289307385304,940808.0,0.940808,indeterminate
130,2673,78235886.15789782,7217898.354925017,436184.4195204732,0.019196363282906,0.019196363282906,213.814823935391,1524.0418247745497,0.072677038384272,72.50969613555506,0.017886881584296,0.021424648804171,72.58895934236587,6.7080854768e-05,0.071271102540069,146.93085,0.071694811249297,0.392550261490702,0.324870279948904,0.36119050809258,477828.0,0.477828,indeterminate
131,2752,81628866.53228076,7217338.286792227,430198.92195131804,0.010303204249121,0.010303204249121,323.66471008456995,859.3222939580578,0.108011355980915,110.37554917134221,0.014305132523846,0.014305132523846,114.97544891636542,5.7176176947e-05,0.103554356925628,266.10986,0.075518405640424,0.042389620277742,-0.217015734434119,-0.204177856398107,228648.0,0.228648,watertracks
132,2601,78736444.67569639,7217815.591125174,433624.85443783586,0.004049676866314,0.004049676866314,202.46864012784158,1364.894417111684,0.044769799170749,294.5866181334208,0.012322666561707,0.012322666561707,310.28996195752643,-1.111991193e-06,0.042451124526906,179.92517,0.382018256344523,0.366895231696049,-0.216296458854985,-0.217318395193992,349804.0,0.349804,watertracks
133,2925,87304261.10611592,7216403.6838155715,447057.7717232445,0.002142503391937,0.002142503391937,211.40792389354831,2485.461124407366,0.097212165948851,302.4758574847466,0.010105893424201,0.010105893424201,304.5419307442096,5.8070751542e-05,0.09581871896135,114.05126999999999,0.224829085509282,0.208067046926413,-0.389749444844532,-0.390985079728265,1524924.0,1.524924,fluvial
134,2652,79022716.43831582,7217768.707830795,437614.6687392617,0.008542468092445,0.008542468092445,189.56557750895368,1467.430090302501,0.059240856119683,262.0564364118825,0.012747653758998,0.012747653758998,264.5206721317049,-1.6339953621e-05,0.058348403945582,144.43451,0.256644775942049,0.233288781156462,0.199570485495696,0.203765877690667,270280.0,0.27028,indeterminate
135,2479,79435243.0718111,7217700.429604658,434657.88736594946,0.009717326012034,0.009717326012034,220.80246436782582,3203.7456854763755,0.065087640735521,229.06387493065043,0.012642466257706,0.013480684854202,230.97012982687286,1.855441006e-06,0.06306129804471,160.63824,0.200922749632224,0.302356499007923,0.273175587212543,0.279856829464659,3261000.0,3.261,indeterminate
136,2735,83304023.49139261,7217063.013423573,442272.6985177383,0.020290789702521,0.023241186144506,188.5970095087549,2283.0446355185913,0.12328131926887,93.28673356877084,0.030398046132589,0.024329249092369,91.1423018029557,6.2827576456e-05,0.11958326892006,74.87295,1.11884778222949,0.708775857885197,0.772634504496875,0.574931473605856,1301672.0,1.301672,watertracks
137,2031,75805016.56539671,7218299.5969384005,440307.1308356954,0.015564722221049,0.015564722221049,214.06694751380485,12259.782394448574,0.116833169248643,160.69855958065978,0.013314732370785,0.013169149499185,158.550003423773,3.855996119e-06,0.111599659357681,73.70827,-0.155665766390111,-0.214358373891836,0.358419468227097,0.379098101040552,3220864.0,3.220864,watertracks
138,3339,94407757.15687086,7215231.510027891,439098.35002326977,0.010962289406532,0.010164999728149,259.73050473790903,3188.7141733240915,0.095043233233927,190.5207120755038,0.012246954141749,0.01354816054366,190.83463835938207,3.0362745144e-05,0.092526165852204,166.12474,0.026313499576481,0.15665396168062,0.308126919795928,0.390750646208164,2136932.0,2.136932,hillslopes
139,2502,80423569.6620701,7217537.774280844,438789.9559950225,0.00852029576981,0.00852029576981,240.1433554842241,3293.0212224400916,0.091536129342113,214.82307312040768,0.009190851247564,0.00915095609321,215.42519815925837,9.577637255e-06,0.089465686272337,144.45557,-0.032580078709155,-0.060751939806245,0.311112652342053,0.319147678533399,4757756.0,4.757756,hillslopes
140,3410,93856876.84580947,7215322.215448499,437322.3636197469,0.01082527749404,0.01082527749404,251.98544287187485,2043.2651865408436,0.081260759507365,166.3103270001459,0.011814833347276,0.011136855251768,166.41486206051115,5.270482563e-05,0.079753391392592,178.66898,-0.109358816443718,-0.092877428285504,0.197323415600517,0.208075757794085,2714388.0,2.714388,indeterminate
141,2712,82435678.7496628,7217205.4617355345,433053.89420045586,0.0047271179326,0.0047271179326,213.22362292487824,1071.1562588369407,0.050314175976321,210.31850234112522,0.012047385643117,0.012554094647779,189.46599173930196,-0.000111684880346,0.049834791253859,187.55411000000004,0.092897967584725,0.101457377230062,-0.522735912866107,-0.524437228187455,213520.0,0.21352,indeterminate
142,2757,85458708.84881262,7216707.270136184,437544.56717806414,0.008559991569214,0.008559991569214,235.5214021235714,2393.6674603839015,0.09292814617169,220.36160905977266,0.006518114579642,0.006900060813617,222.49050553631716,4.5123022395e-05,0.089903659110835,153.90706,-0.362356547885501,-0.251936934242785,0.147136788562212,0.15827559516116,2058664.0,2.058664,watertracks
143,2316,81172125.54769659,7217414.513555471,441118.9106388583,0.012837836445397,0.012837836445397,218.2766874003388,4563.769169999796,0.136647323757926,142.476750251262,0.00731618205142,0.00692386240572,142.22564913416005,1.6395191929e-05,0.131586631247219,69.675026,-0.569504067463549,-0.634526237695402,0.136556259723918,0.15558126801924,3811132.0,3.811132,watertracks
144,3319,92079585.34353527,7215616.060438307,446197.5504781921,-0.001207902023144,-0.001207902023144,198.33037390006436,1781.976010940008,0.102584582369579,283.6153310232521,0.006959142426344,0.006959142426344,283.74280762048437,-8.518576185e-06,0.101821331453338,103.1074,0.0133969776957,-0.000378455945178,-0.665392394654899,-0.666886505597499,497156.0,0.497156,fluvial
145,3723,98528936.47837937,7214552.470179455,446740.75106895994,-0.000112564570553,-0.000112564570553,207.61289646192142,1904.9627145431914,0.081346875595418,210.16449623362027,0.008685363862703,0.008685363862703,210.19801806083257,2.7392963814e-05,0.08016612486855,141.2169,0.003802703024068,-0.007586613273411,-0.734149220931449,-0.735252214510337,1161072.0,1.161072,fluvial
146,3333,92848281.81499426,7215489.261654573,445901.6430533776,9.8701888567e-05,9.8701888567e-05,175.74300571031173,1621.0924548753753,0.091712164993366,288.04793978432923,0.008219184514235,0.008219184514235,294.74948656040846,2.2167846442e-05,0.090551387088522,102.74213,0.006418457588219,-0.01466710690607,-0.662020503983643,-0.664195274980361,268300.0,0.2683,fluvial
147,3788,104388355.3351059,7213586.213323448,447781.57171797514,0.008488810607508,0.008488810607508,122.5557868004069,2183.452570317344,0.083049402890376,153.15121488793153,0.018289250003566,0.018289250003566,153.27389570028512,-7.876403018e-05,0.078817839784102,81.86184,0.375820231151225,0.381946348337764,-0.251959114084246,-0.249719398938915,1124752.0,1.124752,fluvial
148,3093,88278781.50572324,7216241.784869549,432750.05251885374,0.00671054699054,0.00671054699054,266.9298714740153,1966.294964910807,0.099739085193709,212.11526904764227,0.010515396262297,0.010900004480746,206.26065795444245,-8.4580713226e-05,0.097134418142755,201.07152,-0.029737540169251,-0.022130611303732,-0.182742266001993,-0.181323983810345,1012364.0,1.012364,fluvial
149,3459,93232188.0030905,7215425.807910099,444210.459995253,0.000463475717772,0.000463475717772,120.74601446869757,701.1410570120706,0.053761183844309,228.68680603147902,0.006913377081169,0.006913377081169,231.08985495545255,-2.2795528482e-05,0.051827046900481,93.97080000000001,-0.161237850672501,-0.181299681077472,-0.565734463481385,-0.567384040711714,90600.0,0.0906,hillslopes
150,2814,85972288.34209174,7216622.0619355505,431383.70466135273,0.00786449637154,0.00786449637154,288.07058684026396,3168.807103805043,0.087193112729057,111.87048972766193,0.013876402567877,0.014063442287544,110.43924256460348,5.794597949e-05,0.081534792936986,201.0935,-0.121690497982756,-0.101382333988835,-0.52345390443699,-0.52061320258052,4150368.0,4.150368,fluvial
151,2783,88036931.96081617,7216281.922913841,435805.025832456,0.011844126149902,0.011844126149902,253.21918342991114,3783.4817369327025,0.103840771068662,172.27923895409884,0.005344013345205,0.004719266128029,172.74550755496014,2.165527474e-06,0.100285355454011,153.88649,-0.766653538815495,-0.853698770474173,0.049305652350902,0.064727315331292,4540036.0,4.540036,hillslopes
152,2728,87298298.85603711,7216404.836206633,449108.3179637897,0.01316113388255,0.01316113388255,249.38216266329093,3621.4047509808574,0.140062813353642,175.9840205162192,0.01793329019158,0.01793329019158,176.07167547565592,9.06741066e-06,0.138127430121021,105.36890399999999,0.526694836382883,0.541955429127518,0.589863494744781,0.596920408543531,5262188.0,5.262188,watertracks
153,3939,102581279.59566087,7213883.654559652,440699.9642718725,-0.001394941155526,-0.001394941155526,263.83462025634935,1574.3336297214662,0.10222093180466,205.00841887819942,0.003671377220315,0.003671377220315,205.0838153029673,-1.2793472853e-05,0.101593224206841,154.6254,-0.508983098228631,-0.545360070537362,-0.856210118930545,-0.856824239789249,202064.0,0.202064,fluvial
154,3470,95006435.22164479,7215133.226803232,444573.81414283375,-0.000973060156573,-0.000973060156573,140.5185089935486,1324.5650279283698,0.06122261437265,292.1141371164022,0.007953193302822,0.007953193302822,293.02250876196933,3.8791776607e-05,0.058520528466863,94.01464,0.089777731370879,0.073445391308628,-0.735150980105961,-0.736962413776341,245512.0,0.245512,indeterminate
155,3402,97803705.91754995,7214671.730657168,442551.4426238915,0.016584236554871,0.017342944488316,228.77233437166046,2600.971412019794,0.123894081322113,158.0501234556028,0.01276764687739,0.0121275576308,156.03640702236743,5.083131552e-05,0.120852223839298,90.50669,-0.218839191479202,-0.167224521814996,0.349932236086793,0.364956906732667,2433712.0,2.433712,indeterminate
156,3672,98308359.9058201,7214588.66509513,444523.34834096173,0.002658650574689,0.002658650574689,133.214797479798,940.165213923112,0.101281241619582,252.97046841774892,0.007347098606235,0.007347098606235,249.25762255074557,-6.874576665e-06,0.101094599413362,99.285225,0.195902024723648,0.181702554539781,0.175163783936229,0.171455032567773,83156.0,0.083156,fluvial
157,3130,91325436.39256229,7215740.079829698,441882.8079322185,0.014992046671047,0.017322946463692,244.0693861354098,3498.1177060338655,0.125341617494456,101.36017815960308,0.014333952005986,0.013267693576786,98.74020467252676,3.7087175333e-05,0.121731150402653,82.306786,-0.162457723265028,-0.258850942222741,0.272727269063265,0.10413807860765,3448584.0,3.448584,watertracks
158,3825,104789770.13360712,7213519.553604943,442228.7624027409,0.009183049364595,0.009183049364595,245.11806515753463,1885.1891050088836,0.099736486701759,187.88593180402518,0.01547329067899,0.015982522848815,188.0389373704918,9.0846991794e-05,0.098057611560403,145.21791,0.436444732362124,0.498878548368409,0.268379184503595,0.27005956265668,1009044.0,1.009044,hillslopes
159,3686,100946206.60576537,7214153.541238485,443469.7386849881,0.016922236866169,0.016922236866169,215.93537749003164,1279.3879463343562,0.128535578820186,58.21383880523436,0.007630588195038,0.015823491019218,56.68853205256263,8.2036777404e-05,0.128397742259272,99.33542,-0.671261773818647,0.020699452859106,0.115323240614891,0.150556853545338,469160.0,0.46916,indeterminate
160,3316,95396864.1906615,7215068.921471969,445600.9999545487,0.000231213125728,0.000231213125728,169.44143568786097,2344.7716413927146,0.071510654667358,214.211429801666,0.009155104032159,0.009155104032159,217.30197513124617,1.4531987107e-05,0.070189383656947,101.40935000000002,0.063745981275856,0.037901165271979,-0.71269251251252,-0.716381925565126,1329036.0,1.329036,fluvial
161,3634,98905655.54688987,7214489.216133949,433097.0782461639,-0.001754206929151,-0.001754206929151,363.28327301347224,983.7148051659062,0.136833515804192,253.70110982608804,0.000729441501899,0.000729441501899,253.11256170944557,5.4102496337e-05,0.133140963801966,283.5557,-0.757706350007286,-0.790785974150114,-0.618993827958079,-0.622091018483665,319456.0,0.319456,fluvial
162,3660,97496480.5637515,7214721.595823914,432815.6121627929,0.000403703708827,0.000403703708827,349.2006883849855,729.6068841690831,0.131902726183684,210.06716871789428,0.001893350569038,0.001893350569038,210.877875501309,0.000113224997532,0.124871135151525,283.63892,-0.779851036091866,-0.825206503113937,-0.609376976270981,-0.610639628093165,113616.0,0.113616,watertracks
163,2682,90398271.60971263,7215892.317955224,433744.9904827477,0.008549951197672,0.008549951197672,293.3842510804536,4843.35686826953,0.10984804233154,182.4118695898696,0.005749784638127,0.006085161716108,186.0917248485237,-1.7109136208e-05,0.106915983357864,181.80533,-0.450456869426253,-0.377558180566552,0.052619016263495,0.060679928811554,4102536.0,4.102536,watertracks
164,3754,102761298.90644535,7213853.39792233,433816.3450374558,-8.4276511701e-05,-8.4276511701e-05,440.9441425260986,561.5175327703291,0.159929502599276,157.21495258343853,-0.001273160007128,-0.001273160007128,154.3777843931882,0.000591964627263,0.152745934176947,349.08517,-1.430537427547139,-1.504436549769317,-1.139000069591921,-1.143854628871347,131480.0,0.13148,indeterminate
165,3708,101684511.2045361,7214030.9506938625,433423.40159880865,0.000567486319746,0.000567486319746,411.5137766248535,1247.0026913391303,0.178496089494805,274.8267632316513,0.001187365781521,0.001187365781521,274.2392713991574,0.00021717451669,0.174741847245336,313.53552,-0.753395129261948,-0.786149781998774,-0.352341804609029,-0.354028059062514,126412.0,0.126412,fluvial
166,3559,96882817.16013847,7214823.387612465,439917.82469017827,0.000127914535987,0.000127914535987,271.2626689099547,3429.1008694870784,0.089029120988521,220.74094208833145,0.007902028777459,0.007902028777459,221.0812966175245,4.439558052e-05,0.087737452469542,161.37817,-0.03158487927966,-0.040068151540602,-0.595368504637043,-0.596995056475952,1986156.0,1.986156,hillslopes
167,3682,102607889.15184863,7213879.527719544,443872.88666134514,0.020784082503934,0.020784082503934,193.43043270749948,1219.7731678679522,0.144856995062834,53.60799150490929,0.020193702154398,0.021125152915486,51.416014212444146,-1.019941636e-05,0.144095553958966,100.127266,0.429832529491837,0.512357264199169,0.563527255806928,0.609684732518042,666980.0,0.66698,watertracks
168,3716,100850652.9246456,7214169.035966214,440266.93962628354,-0.00222417605381,-0.00222417605381,261.62402728415486,1345.756072067609,0.09580448276498,222.19445124531387,0.003192252077378,0.003192252077378,222.27682492751654,-2.5352926308e-05,0.095093569250277,158.3276,-0.546810322675754,-0.583331272776437,-0.930492057079635,-0.931576101836161,647872.0,0.647872,indeterminate
169,3914,105720235.28900431,7213366.266721341,444249.0357628311,0.012620202520086,0.012620202520086,186.46570499514834,737.2078745583666,0.12393332580988,93.08361822460444,0.017480921735702,0.017480921735702,91.39880174125297,-0.000194850803315,0.122620387544732,107.25568,-0.051982476370718,0.005656674383633,-0.274455674210019,-0.26081287303596,198696.0,0.198696,watertracks
170,3567,100752158.43288173,7214184.854775393,435112.6550073873,0.012742628780997,0.012742628780997,294.8339089280034,2690.2749861479765,0.122364829639554,120.73861661018556,0.00633348872619,0.002175258371153,120.90269235049689,-3.3854152541e-05,0.119494071707864,205.29256,-0.86191215720481,-1.165099646791736,-0.051461616962062,-0.033408594780411,2962472.0,2.962472,watertracks
171,3833,104302672.27507761,7213599.532715245,437939.71598693886,0.013728237781229,0.013728237781229,209.68460016652554,1288.7992986832064,0.086720911500141,41.9570198085803,0.026602758034295,0.026602758034295,40.79286519768558,7.2432898424e-05,0.085836243725318,169.36856,0.952225266554679,0.986619490032981,-0.090634290794591,-0.068394301862065,70836.0,0.070836,indeterminate
172,3945,102653120.23370498,7213871.819427938,440856.59806760616,-0.001800403433175,-0.001800403433175,271.16535778822157,1257.763719872087,0.098368699956503,202.52447333760088,0.00292833926292,0.00292833926292,202.62217375311963,1.1314112923e-05,0.097803308559281,154.22185,-0.617705556596473,-0.660819758676272,-0.93538192704507,-0.936056802665252,246716.0,0.246716,fluvial
173,3876,105177451.09913921,7213455.856110573,445131.1792458637,-0.000319944910588,-0.000319944910588,126.04383848115167,682.3789689988126,0.061205786375885,283.15795284259,0.010547595009237,0.010547595009237,289.97822060228975,-2.43694543e-05,0.055402108862528,105.72932,0.272492708008222,0.26138096675672,-0.801148635360756,-0.802455000896648,94332.0,0.094332,fluvial
174,4045,110090500.86222638,7212645.652533246,445891.9231792075,9.7835817172e-05,9.7835817172e-05,128.48713878555614,1530.327331369923,0.043287241622586,192.02011154731917,0.012075519273859,0.012075519273859,195.01196965259868,-6.6484004443e-05,0.040902626900555,101.99084499999998,0.275525031593887,0.274900033481612,-0.777970812995716,-0.782496870564812,175212.0,0.175212,fluvial
175,3793,105257437.25629249,7213442.072171926,437945.6695883428,0.015441997377048,0.015440729328353,221.1413592952416,1674.4596977117105,0.089268038885945,30.271235235680322,0.02778912315176,0.027808944115782,29.581377365349994,8.3773338541e-05,0.087889173371523,168.94293,1.169206944525227,1.181663358324176,0.153414754521792,0.181185471276112,108860.0,0.10886,indeterminate
176,4053,113847946.34330551,7212025.589790543,441282.00457171537,0.011428731963541,0.011428731963541,191.6102160364492,1595.6644509133937,0.082665325701742,37.100015065494844,0.021692754473384,0.021692754473384,30.19482260598808,1.0802138217e-05,0.081933686589015,147.86102,0.679132284390414,0.657666482927674,-0.189851212433406,-0.175342145546318,334928.0,0.334928,watertracks
177,3982,108682719.2012546,7212877.657995758,443858.8451176883,0.010554845264513,0.010554845264513,191.91206528458522,972.4323517432072,0.153835177085677,136.38654554842614,0.010202150966429,0.010143651910272,133.7511328741187,-7.4270053343e-05,0.150986170306129,115.51369,-0.507566993479521,-0.537632720319885,-0.176509382701494,-0.17256247503306,370476.0,0.370476,watertracks
178,3810,108170345.15636703,7212962.393926371,446703.385886735,0.005660141029625,0.005660141029625,126.5570293655427,2083.1740337186075,0.10571872296805,205.83025852676516,0.014309842931132,0.014309842931132,207.4664838718292,-3.5656987857e-05,0.101521308195036,97.10851,0.338119012210504,0.333435374499492,-0.272974733995559,-0.272876023777615,1321836.0,1.321836,fluvial
179,3902,108863483.16512686,7212847.266383629,436827.692579078,0.002614180995256,0.002614180995256,255.9068987163226,1899.761075585852,0.07010377732494,273.8393263786581,0.010023679757618,0.011034950406027,278.23957222173374,2.3324658279e-05,0.068213656227057,197.76905999999997,0.069154393337965,0.169249818787685,-0.555477919958848,-0.555962851815201,795340.0,0.79534,fluvial
180,3965,111422134.54856548,7212425.407775745,438251.121647383,0.011713567637858,0.011713567637858,236.38657934655146,2396.8353830971596,0.081850851833374,103.52766703709315,0.01972844700224,0.01972844700224,98.8031617222315,1.1708954244e-05,0.079747819996239,164.08678,0.224918962913664,0.261920738543763,-0.266274954392497,-0.256830280025556,1584088.0,1.584088,watertracks
181,4130,117840528.45692955,7211367.507962935,445887.90842786775,0.015656660401694,0.015656660401694,133.6387202621084,789.1833457108113,0.115350982311733,109.07382219723101,0.022508244185527,0.022508244185527,108.81649886759911,-0.000264772043256,0.112708850783273,93.97735,0.361624881893545,0.403386167154352,0.070418569678056,0.083462970108761,84636.0,0.084636,watertracks
182,4058,115081495.73896594,7211822.489276888,445380.8668017268,0.00821563833244,0.00821563833244,166.25042749084233,1217.650518230367,0.086165726641869,63.47225903358699,0.021835990640934,0.021835990640934,63.68383205686212,8.0909325696e-05,0.085329529736447,108.98332,0.530210127888969,0.55928584264648,-0.583559338190761,-0.578568741923156,392240.0,0.39224,watertracks
183,4056,116088803.26060657,7211656.384382213,445641.8523546499,0.011605526944196,0.011605526944196,157.10580669283004,678.7456339821879,0.09814436233593,47.2321668667009,0.021128840708435,0.021128840708435,47.55574727350281,-0.000211873574708,0.097960723099061,108.895935,0.512365561726124,0.512845898501661,-0.270590208779432,-0.255706392719959,140196.0,0.140196,fluvial
184,4100,117329694.55234592,7211451.63180422,444389.9225285626,0.00655906342536,0.00655906342536,188.5229789217169,1258.5600046283946,0.139832764667119,240.3557319461632,0.00661258421204,0.00661258421204,240.2874295979465,1.653367274e-06,0.137640523588246,120.33069,-0.421419063980705,-0.47676189746585,-0.248322575804375,-0.24679176476635,466460.0,0.46646,indeterminate
185,4060,117069302.30751875,7211494.609150551,444791.71183275915,0.006875195510139,0.006875195510139,194.82973400092217,2089.786666998845,0.102271467291293,171.46592245990306,0.012533572108908,0.012533572108908,173.40906263730207,6.7930476987e-05,0.098483005139066,118.775406,0.106879499386344,0.080903003605526,-0.225531117016697,-0.218518107048192,650640.0,0.65064,watertracks
186,4149,121600410.35824868,7210747.372637517,445270.61972159334,0.014601034910381,0.014601034910381,165.91970897485166,1005.5177189464924,0.204408275572062,121.6615848665695,0.014305871116483,0.014305871116483,122.60858557490222,-4.215857424e-06,0.201782773782203,90.78588,-0.277939324548589,-0.281412269940741,0.011948852359942,0.021192179720911,268960.0,0.26896,fluvial
187,4188,124849532.6502664,7210211.492349851,444894.95522880286,0.02052504521862,0.02052504521862,195.6932007997037,948.3455582744087,0.218865147754947,109.82412876068283,0.014897572543736,0.014897572543736,109.89939964228824,6.3990940161e-05,0.215509702203232,96.777306,-0.257652110176113,-0.239312432998255,0.454238799855339,0.486685187073157,294892.0,0.294892,watertracks
188,4193,124752007.3480634,7210227.515560511,444157.82648681523,0.000991826196056,0.000991826196056,238.37369434389092,1211.0563517754351,0.115319485991927,276.69506830931005,0.004024727137203,0.004024727137203,275.60199169311335,0.000176613698701,0.112322550694315,169.00069,-0.357714810589985,-0.380528584636189,-0.244833308413841,-0.247049617001473,379632.0,0.379632,hillslopes
189,4185,124460452.79368016,7210275.408265051,441843.5456959078,0.009253319106206,0.009253319106206,292.1887759641333,1196.7242635805303,0.069070725385534,201.9589151522487,0.017219256356455,0.018810590399426,205.53222207111583,8.557742036e-05,0.067828696754149,232.82192999999998,0.588396219748893,0.742695981654953,0.086629666162866,0.09430575207967,754072.0,0.754072,watertracks
190,4220,131724902.34553239,7209077.495656815,443656.44932121027,-0.000441671496355,-0.000441671496355,233.0710885348862,651.539492278212,0.066878844730226,282.2241338518113,0.015421515523349,0.015421515523349,275.38826104715156,0.000106862568321,0.064637619321383,190.31058,0.728961047059481,0.727916743023601,-0.875954757819233,-0.878721476190473,260600.0,0.2606,watertracks
